{"options":{"awareOfChrome":false,"check_for_updates":true,"comment":null,"compat_arrayleft":false,"compat_foreach":false,"compat_forvarin":false,"compat_metadata":false,"compat_uW_gmonkey":false,"compat_wrappedjsobject":false,"compatopts_for_requires":true,"noframes":null,"override":{"merge_connects":true,"merge_excludes":true,"merge_includes":true,"merge_matches":true,"orig_connects":[],"orig_excludes":[],"orig_includes":[],"orig_matches":["https://www.finna.fi/Search/Results*","https://www.finna.fi/Record/musketti.M012:HK19930418:12*"],"orig_noframes":null,"orig_run_at":"document-end","use_blockers":[],"use_connects":[],"use_excludes":[],"use_includes":[],"use_matches":[]},"run_at":"document-start"},"settings":{"enabled":true,"position":1},"meta":{"name":"Ajapaik Finna mod search hide","uuid":"b1d308a0-ede0-448e-8504-bf853a9d5ca5","modified":1540609329533}}