{"options":{"awareOfChrome":false,"check_for_updates":true,"comment":null,"compat_arrayleft":false,"compat_foreach":false,"compat_forvarin":false,"compat_metadata":false,"compat_uW_gmonkey":false,"compat_wrappedjsobject":false,"compatopts_for_requires":true,"noframes":null,"override":{"merge_connects":true,"merge_excludes":true,"merge_includes":true,"merge_matches":true,"orig_connects":[],"orig_excludes":[],"orig_includes":[],"orig_matches":["https://www.finna.fi/Search/Results*"],"orig_noframes":null,"orig_run_at":"document-end","use_blockers":[],"use_connects":[],"use_excludes":[],"use_includes":[],"use_matches":[]},"run_at":null},"settings":{"enabled":true,"position":3},"meta":{"name":"Ajapaik Finna mod search","uuid":"67acc74d-ef3b-4f7d-a025-193b51eb1e2b","modified":1540612182540}}