{"options":{"awareOfChrome":false,"check_for_updates":true,"comment":null,"compat_arrayleft":false,"compat_foreach":false,"compat_forvarin":false,"compat_metadata":false,"compat_uW_gmonkey":false,"compat_wrappedjsobject":false,"compatopts_for_requires":true,"noframes":null,"override":{"merge_connects":true,"merge_excludes":true,"merge_includes":true,"merge_matches":true,"orig_connects":[],"orig_excludes":[],"orig_includes":[],"orig_matches":["https://www.finna.fi/Record/musketti.M012:HK19930418:12*","https://www.finna.fi/Record/musketti.M012:HK19930418:11*"],"orig_noframes":null,"orig_run_at":"document-end","use_blockers":[],"use_connects":[],"use_excludes":[],"use_includes":[],"use_matches":[]},"run_at":null},"settings":{"enabled":true,"position":6},"meta":{"name":"Finna map musketti.M012:HK19930418:12","uuid":"51829167-23e5-4230-b868-4de82324be75","modified":1540691672803}}